PRAGMA foreign_keys=OFF;
BEGIN TRANSACTION;
CREATE TABLE IF NOT EXISTS "attribute_definition" ("attribute_definition_id" INT,"attribute_name" TEXT,"attribute_description" TEXT,"attribute_type_concept_id" INT,"attribute_syntax" TEXT);
ANALYZE sqlite_master;
INSERT INTO sqlite_stat1 VALUES('care_site',NULL,'31');
INSERT INTO sqlite_stat1 VALUES('cohort',NULL,'16');
INSERT INTO sqlite_stat1 VALUES('cohort_ace',NULL,'5');
INSERT INTO sqlite_stat1 VALUES('cohort_all',NULL,'16');
INSERT INTO sqlite_stat1 VALUES('cohort_ami',NULL,'6');
INSERT INTO sqlite_stat1 VALUES('cohort_definition',NULL,'4');
INSERT INTO sqlite_stat1 VALUES('cohort_dia',NULL,'5');
INSERT INTO sqlite_stat1 VALUES('concept',NULL,'139');
INSERT INTO sqlite_stat1 VALUES('concept_ancestor',NULL,'31');
INSERT INTO sqlite_stat1 VALUES('concept_class',NULL,'24');
INSERT INTO sqlite_stat1 VALUES('concept_relationship',NULL,'37');
INSERT INTO sqlite_stat1 VALUES('condition_occurrence',NULL,'26');
INSERT INTO sqlite_stat1 VALUES('domain',NULL,'8');
INSERT INTO sqlite_stat1 VALUES('drug_era',NULL,'13');
INSERT INTO sqlite_stat1 VALUES('drug_exposure',NULL,'13');
INSERT INTO sqlite_stat1 VALUES('location',NULL,'10');
INSERT INTO sqlite_stat1 VALUES('observation_period',NULL,'10');
INSERT INTO sqlite_stat1 VALUES('person',NULL,'10');
INSERT INTO sqlite_stat1 VALUES('provider',NULL,'27');
INSERT INTO sqlite_stat1 VALUES('relationship',NULL,'2');
INSERT INTO sqlite_stat1 VALUES('visit_occurrence',NULL,'27');
INSERT INTO sqlite_stat1 VALUES('vocabulary',NULL,'19');
CREATE TABLE IF NOT EXISTS "care_site" ("care_site_id" INT,"care_site_name" TEXT,"place_of_service_concept_id" INT,"location_id" INT,"care_site_source_value" TEXT,"place_of_service_source_value" TEXT);
INSERT INTO care_site VALUES(13,NULL,8940,NULL,'673314266',' ');
INSERT INTO care_site VALUES(40,NULL,8940,NULL,'532092265',' ');
INSERT INTO care_site VALUES(1224,NULL,8940,NULL,'326159978',' ');
INSERT INTO care_site VALUES(1422,NULL,8756,NULL,'10028V','Outpatient Facility');
INSERT INTO care_site VALUES(1640,NULL,8940,NULL,'803844699',' ');
INSERT INTO care_site VALUES(3547,NULL,8756,NULL,'0600VR','Outpatient Facility');
INSERT INTO care_site VALUES(3617,NULL,8717,NULL,'1000AV','Inpatient Facility');
INSERT INTO care_site VALUES(3783,NULL,8940,NULL,'392790749',' ');
INSERT INTO care_site VALUES(3852,NULL,8717,NULL,'5001PC','Inpatient Facility');
INSERT INTO care_site VALUES(3875,NULL,8940,NULL,'957009733',' ');
INSERT INTO care_site VALUES(3903,NULL,8717,NULL,'2200MM','Inpatient Facility');
INSERT INTO care_site VALUES(8192,NULL,8940,NULL,'682184334',' ');
INSERT INTO care_site VALUES(8292,NULL,8940,NULL,'396701521',' ');
INSERT INTO care_site VALUES(9812,NULL,8940,NULL,'565980590',' ');
INSERT INTO care_site VALUES(13448,NULL,8756,NULL,'2585MN','Outpatient Facility');
INSERT INTO care_site VALUES(13456,NULL,8940,NULL,'744920165',' ');
INSERT INTO care_site VALUES(13897,NULL,8756,NULL,'0600CD','Outpatient Facility');
INSERT INTO care_site VALUES(15128,NULL,8756,NULL,'3301WB','Outpatient Facility');
INSERT INTO care_site VALUES(16990,NULL,8940,NULL,'683403127',' ');
INSERT INTO care_site VALUES(18956,NULL,8940,NULL,'043570860',' ');
INSERT INTO care_site VALUES(21318,NULL,8940,NULL,'064907993',' ');
INSERT INTO care_site VALUES(23997,NULL,8717,NULL,'23T1ZR','Inpatient Facility');
INSERT INTO care_site VALUES(33580,NULL,8940,NULL,'837659996',' ');
INSERT INTO care_site VALUES(33583,NULL,8940,NULL,'880523932',' ');
INSERT INTO care_site VALUES(33787,NULL,8940,NULL,'256810062',' ');
INSERT INTO care_site VALUES(34511,NULL,8940,NULL,'799224819',' ');
INSERT INTO care_site VALUES(43378,NULL,8717,NULL,'25S1YD','Inpatient Facility');
INSERT INTO care_site VALUES(50533,NULL,8940,NULL,'358716972',' ');
INSERT INTO care_site VALUES(103488,NULL,8940,NULL,'420824437',' ');
INSERT INTO care_site VALUES(117750,NULL,8940,NULL,'507211772',' ');
INSERT INTO care_site VALUES(137825,NULL,8756,NULL,'2513SJ','Outpatient Facility');
CREATE TABLE IF NOT EXISTS "cdm_source" ("cdm_source_name" TEXT,"cdm_source_abbreviation" TEXT,"cdm_holder" TEXT,"source_description" TEXT,"source_documentation_reference" TEXT,"cdm_etl_reference" TEXT,"source_release_date" TEXT,"cdm_release_date" TEXT,"cdm_version" TEXT,"vocabulary_version" TEXT);
CREATE TABLE IF NOT EXISTS "cohort" ("cohort_definition_id" INT,"subject_id" INT,"cohort_start_date" TEXT,"cohort_end_date" TEXT);
INSERT INTO cohort VALUES(1770676,95538,'2010-01-20','2010-02-19');
INSERT INTO cohort VALUES(1770676,1780,'2009-03-02','2009-04-01');
INSERT INTO cohort VALUES(1770676,107680,'2009-07-06','2009-08-05');
INSERT INTO cohort VALUES(1770676,37455,'2009-08-17','2009-09-16');
INSERT INTO cohort VALUES(1770676,72120,'2009-02-25','2009-03-27');
INSERT INTO cohort VALUES(1770675,82328,'2009-08-24','2009-09-23');
INSERT INTO cohort VALUES(1770675,30091,'2009-03-28','2009-04-27');
INSERT INTO cohort VALUES(1770675,110862,'2010-04-05','2010-05-05');
INSERT INTO cohort VALUES(1770675,69985,'2009-05-05','2009-06-04');
INSERT INTO cohort VALUES(1770675,42383,'2009-11-06','2009-12-06');
INSERT INTO cohort VALUES(1770674,95538,'2009-03-30','2009-04-06');
INSERT INTO cohort VALUES(1770674,110862,'2009-09-30','2009-10-07');
INSERT INTO cohort VALUES(1770674,69985,'2010-07-22','2010-07-29');
INSERT INTO cohort VALUES(1770674,1780,'2008-04-10','2008-04-17');
INSERT INTO cohort VALUES(1770674,107680,'2009-07-20','2009-07-27');
INSERT INTO cohort VALUES(1770674,30091,'2009-08-02','2009-08-09');
CREATE TABLE IF NOT EXISTS "cohort_ace" ("cohort_definition_id" INT,"subject_id" INT,"cohort_start_date" TEXT,"cohort_end_date" TEXT);
INSERT INTO cohort_ace VALUES(1770675,82328,'2009-08-24','2009-09-23');
INSERT INTO cohort_ace VALUES(1770675,30091,'2009-03-28','2009-04-27');
INSERT INTO cohort_ace VALUES(1770675,110862,'2010-04-05','2010-05-05');
INSERT INTO cohort_ace VALUES(1770675,69985,'2009-05-05','2009-06-04');
INSERT INTO cohort_ace VALUES(1770675,42383,'2009-11-06','2009-12-06');
CREATE TABLE IF NOT EXISTS "cohort_all" ("cohort_definition_id" INT,"subject_id" INT,"cohort_start_date" TEXT,"cohort_end_date" TEXT);
INSERT INTO cohort_all VALUES(1770676,95538,'2010-01-20','2010-02-19');
INSERT INTO cohort_all VALUES(1770676,1780,'2009-03-02','2009-04-01');
INSERT INTO cohort_all VALUES(1770676,107680,'2009-07-06','2009-08-05');
INSERT INTO cohort_all VALUES(1770676,37455,'2009-08-17','2009-09-16');
INSERT INTO cohort_all VALUES(1770676,72120,'2009-02-25','2009-03-27');
INSERT INTO cohort_all VALUES(1770675,82328,'2009-08-24','2009-09-23');
INSERT INTO cohort_all VALUES(1770675,30091,'2009-03-28','2009-04-27');
INSERT INTO cohort_all VALUES(1770675,110862,'2010-04-05','2010-05-05');
INSERT INTO cohort_all VALUES(1770675,69985,'2009-05-05','2009-06-04');
INSERT INTO cohort_all VALUES(1770675,42383,'2009-11-06','2009-12-06');
INSERT INTO cohort_all VALUES(1770674,95538,'2009-03-30','2009-04-06');
INSERT INTO cohort_all VALUES(1770674,110862,'2009-09-30','2009-10-07');
INSERT INTO cohort_all VALUES(1770674,69985,'2010-07-22','2010-07-29');
INSERT INTO cohort_all VALUES(1770674,1780,'2008-04-10','2008-04-17');
INSERT INTO cohort_all VALUES(1770674,107680,'2009-07-20','2009-07-27');
INSERT INTO cohort_all VALUES(1770674,30091,'2009-08-02','2009-08-09');
CREATE TABLE IF NOT EXISTS "cohort_ami" ("cohort_definition_id" INT,"subject_id" INT,"cohort_start_date" TEXT,"cohort_end_date" TEXT);
INSERT INTO cohort_ami VALUES(1770674,95538,'2009-03-30','2009-04-06');
INSERT INTO cohort_ami VALUES(1770674,110862,'2009-09-30','2009-10-07');
INSERT INTO cohort_ami VALUES(1770674,69985,'2010-07-22','2010-07-29');
INSERT INTO cohort_ami VALUES(1770674,1780,'2008-04-10','2008-04-17');
INSERT INTO cohort_ami VALUES(1770674,107680,'2009-07-20','2009-07-27');
INSERT INTO cohort_ami VALUES(1770674,30091,'2009-08-02','2009-08-09');
CREATE TABLE IF NOT EXISTS "cohort_ang" ("cohort_definition_id" INT,"subject_id" INT,"cohort_start_date" TEXT,"cohort_end_date" TEXT);
CREATE TABLE IF NOT EXISTS "cohort_attribute" ("cohort_definition_id" INT,"cohort_start_date" TEXT,"cohort_end_date" TEXT,"subject_id" INT,"attribute_definition_id" INT,"value_as_number" REAL,"value_as_concept_id" INT);
CREATE TABLE IF NOT EXISTS "cohort_definition" ("cohort_definition_id" INT,"cohort_definition_name" TEXT,"cohort_definition_description" TEXT,"definition_type_concept_id" INT,"cohort_definition_syntax" TEXT,"subject_concept_id" INT,"cohort_initiation_date" TEXT);
INSERT INTO cohort_definition VALUES(1770673,'Angioedema events',NULL,44819246,NULL,56,NULL);
INSERT INTO cohort_definition VALUES(1770674,'Acute myocardial infarction events',NULL,44819246,NULL,56,NULL);
INSERT INTO cohort_definition VALUES(1770675,'New users of ACE inhibitors as first-line monotherapy for hypertension',NULL,44819246,NULL,56,NULL);
INSERT INTO cohort_definition VALUES(1770676,'New users of Thiazide-like diuretics as first-line monotherapy for hypertension',NULL,44819246,NULL,56,NULL);
CREATE TABLE IF NOT EXISTS "cohort_dia" ("cohort_definition_id" INT,"subject_id" INT,"cohort_start_date" TEXT,"cohort_end_date" TEXT);
INSERT INTO cohort_dia VALUES(1770676,95538,'2010-01-20','2010-02-19');
INSERT INTO cohort_dia VALUES(1770676,1780,'2009-03-02','2009-04-01');
INSERT INTO cohort_dia VALUES(1770676,107680,'2009-07-06','2009-08-05');
INSERT INTO cohort_dia VALUES(1770676,37455,'2009-08-17','2009-09-16');
INSERT INTO cohort_dia VALUES(1770676,72120,'2009-02-25','2009-03-27');
CREATE TABLE IF NOT EXISTS "concept" ("concept_id" INT,"concept_name" TEXT,"domain_id" TEXT,"vocabulary_id" TEXT,"concept_class_id" TEXT,"standard_concept" TEXT,"concept_code" TEXT,"valid_start_date" TEXT,"valid_end_date" TEXT,"invalid_reason" TEXT);
INSERT INTO concept VALUES(0,'No matching concept','Metadata','None','Undefined',NULL,'No matching concept','1970-01-01','2099-12-31',NULL);
INSERT INTO concept VALUES(2,'Gender','Metadata','Domain','Domain',NULL,'OMOP generated','1970-01-01','2099-12-31',NULL);
INSERT INTO concept VALUES(3,'Race','Metadata','Domain','Domain',NULL,'OMOP generated','1970-01-01','2099-12-31',NULL);
INSERT INTO concept VALUES(4,'Ethnicity','Metadata','Domain','Domain',NULL,'OMOP generated','1970-01-01','2099-12-31',NULL);
INSERT INTO concept VALUES(7,'Metadata','Metadata','Domain','Domain',NULL,'OMOP generated','1970-01-01','2099-12-31',NULL);
INSERT INTO concept VALUES(8,'Visit','Metadata','Domain','Domain',NULL,'OMOP generated','1970-01-01','2099-12-31',NULL);
INSERT INTO concept VALUES(13,'Drug','Metadata','Domain','Domain',NULL,'OMOP generated','1970-01-01','2099-12-31',NULL);
INSERT INTO concept VALUES(19,'Condition','Metadata','Domain','Domain',NULL,'OMOP generated','1970-01-01','2099-12-31',NULL);
INSERT INTO concept VALUES(56,'Person','Metadata','Domain','Domain',NULL,'OMOP generated','1970-01-01','2099-12-31',NULL);
INSERT INTO concept VALUES(58,'Type Concept','Metadata','Domain','Domain',NULL,'OMOP generated','1970-01-01','2099-12-31',NULL);
INSERT INTO concept VALUES(262,'Emergency Room and Inpatient Visit','Visit','Visit','Visit','S','ERIP','1970-01-01','2099-12-31',NULL);
INSERT INTO concept VALUES(5046,'International Classification of Diseases, Ninth Revision, Clinical Modification, Volume 1 and 2 (NCHS)','Metadata','Vocabulary','Vocabulary',NULL,'OMOP generated','1970-01-01','2099-12-31',NULL);
INSERT INTO concept VALUES(8507,'MALE','Gender','Gender','Gender','S','M','1970-01-01','2099-12-31',NULL);
INSERT INTO concept VALUES(8516,'Black or African American','Race','Race','Race','S','3','1970-01-01','2099-12-31',NULL);
INSERT INTO concept VALUES(8527,'White','Race','Race','Race','S','5','1970-01-01','2099-12-31',NULL);
INSERT INTO concept VALUES(8532,'FEMALE','Gender','Gender','Gender','S','F','1970-01-01','2099-12-31',NULL);
INSERT INTO concept VALUES(8717,'Inpatient Hospital','Visit','CMS Place of Service','Visit','S','21','1970-01-01','2099-12-31',NULL);
INSERT INTO concept VALUES(8756,'Outpatient Hospital','Visit','CMS Place of Service','Visit','S','22','1970-01-01','2099-12-31',NULL);
INSERT INTO concept VALUES(8940,'Office','Visit','CMS Place of Service','Visit',NULL,'11','1970-01-01','2099-12-31',NULL);
INSERT INTO concept VALUES(9201,'Inpatient Visit','Visit','Visit','Visit','S','IP','1970-01-01','2099-12-31',NULL);
INSERT INTO concept VALUES(9202,'Outpatient Visit','Visit','Visit','Visit','S','OP','1970-01-01','2099-12-31',NULL);
INSERT INTO concept VALUES(9203,'Emergency Room Visit','Visit','Visit','Visit','S','ER','1970-01-01','2099-12-31',NULL);
INSERT INTO concept VALUES(312327,'Acute myocardial infarction','Condition','SNOMED','Clinical Finding','S','57054005','1970-01-01','2099-12-31',NULL);
INSERT INTO concept VALUES(316866,'Hypertensive disorder','Condition','SNOMED','Clinical Finding','S','38341003','1970-01-01','2099-12-31',NULL);
INSERT INTO concept VALUES(317895,'Renovascular hypertension','Condition','SNOMED','Clinical Finding','S','123799005','1970-01-01','2099-12-31',NULL);
INSERT INTO concept VALUES(317898,'Malignant essential hypertension','Condition','SNOMED','Clinical Finding','S','78975002','1970-01-01','2099-12-31',NULL);
INSERT INTO concept VALUES(318437,'Malignant secondary hypertension','Condition','SNOMED','Clinical Finding','S','89242004','1970-01-01','2099-12-31',NULL);
INSERT INTO concept VALUES(319826,'Secondary hypertension','Condition','SNOMED','Clinical Finding','S','31992008','1970-01-01','2099-12-31',NULL);
INSERT INTO concept VALUES(434376,'Acute myocardial infarction of anterior wall','Condition','SNOMED','Clinical Finding','S','54329005','1970-01-01','2099-12-31',NULL);
INSERT INTO concept VALUES(438170,'Acute myocardial infarction of inferior wall','Condition','SNOMED','Clinical Finding','S','73795002','1970-01-01','2099-12-31',NULL);
INSERT INTO concept VALUES(438438,'Acute myocardial infarction of anterolateral wall','Condition','SNOMED','Clinical Finding','S','70211005','1970-01-01','2099-12-31',NULL);
INSERT INTO concept VALUES(444406,'Acute subendocardial infarction','Condition','SNOMED','Clinical Finding','S','70422006','1970-01-01','2099-12-31',NULL);
INSERT INTO concept VALUES(907013,'Metolazone','Drug','RxNorm','Ingredient','S','6916','1970-01-01','2099-12-31',NULL);
INSERT INTO concept VALUES(907020,'Metolazone 5 MG Oral Tablet','Drug','RxNorm','Clinical Drug','S','311671','1970-01-01','2099-12-31',NULL);
INSERT INTO concept VALUES(974166,'Hydrochlorothiazide','Drug','RxNorm','Ingredient','S','5487','1970-01-01','2099-12-31',NULL);
INSERT INTO concept VALUES(1308216,'Lisinopril','Drug','RxNorm','Ingredient','S','29046','1970-01-01','2099-12-31',NULL);
INSERT INTO concept VALUES(1334456,'Ramipril','Drug','RxNorm','Ingredient','S','35296','1970-01-01','2099-12-31',NULL);
INSERT INTO concept VALUES(1334459,'Ramipril 2.5 MG Oral Capsule','Drug','RxNorm','Clinical Drug','S','198188','1970-01-01','2099-12-31',NULL);
INSERT INTO concept VALUES(1340128,'Captopril','Drug','RxNorm','Ingredient','S','1998','1970-01-01','2099-12-31',NULL);
INSERT INTO concept VALUES(1341927,'Enalapril','Drug','RxNorm','Ingredient','S','3827','1970-01-01','2099-12-31',NULL);
INSERT INTO concept VALUES(1347384,'irbesartan','Drug','RxNorm','Ingredient','S','83818','1970-01-01','2099-12-31',NULL);
INSERT INTO concept VALUES(1347386,'irbesartan 150 MG Oral Tablet [Avapro]','Drug','RxNorm','Branded Drug','S','153666','1970-01-01','2099-12-31',NULL);
INSERT INTO concept VALUES(1373928,'Hydralazine','Drug','RxNorm','Ingredient','S','5470','1970-01-01','2099-12-31',NULL);
INSERT INTO concept VALUES(1395058,'Chlorthalidone','Drug','RxNorm','Ingredient','S','2409','1970-01-01','2099-12-31',NULL);
INSERT INTO concept VALUES(1395073,'Chlorthalidone 25 MG Oral Tablet','Drug','RxNorm','Clinical Drug','S','197499','1970-01-01','2099-12-31',NULL);
INSERT INTO concept VALUES(4329847,'Myocardial infarction','Condition','SNOMED','Clinical Finding','S','22298006','1970-01-01','2099-12-31',NULL);
INSERT INTO concept VALUES(19019044,'Hydrochlorothiazide 50 MG Oral Tablet','Drug','RxNorm','Clinical Drug','S','197770','1970-01-01','2099-12-31',NULL);
INSERT INTO concept VALUES(19074673,'Captopril 50 MG Oral Tablet','Drug','RxNorm','Clinical Drug','S','308964','1970-01-01','2099-12-31',NULL);
INSERT INTO concept VALUES(19078106,'Hydrochlorothiazide 25 MG Oral Tablet','Drug','RxNorm','Clinical Drug','S','310798','1970-01-01','2099-12-31',NULL);
INSERT INTO concept VALUES(19080128,'Lisinopril 10 MG Oral Tablet','Drug','RxNorm','Clinical Drug','S','314076','1970-01-01','2099-12-31',NULL);
INSERT INTO concept VALUES(19080129,'Lisinopril 20 MG Oral Tablet','Drug','RxNorm','Clinical Drug','S','314077','1970-01-01','2099-12-31',NULL);
INSERT INTO concept VALUES(38000175,'Prescription dispensed in pharmacy','Type Concept','Drug Type','Drug Type','S','OMOP4822239','1970-01-01','2099-12-31',NULL);
INSERT INTO concept VALUES(38000200,'Inpatient header - 1st position','Type Concept','Condition Type','Condition Type','S','OMOP4822076','1970-01-01','2099-12-31',NULL);
INSERT INTO concept VALUES(38000230,'Outpatient header - 1st position','Type Concept','Condition Type','Condition Type','S','OMOP4822106','1970-01-01','2099-12-31',NULL);
INSERT INTO concept VALUES(38003564,'Not Hispanic or Latino','Ethnicity','Ethnicity','Ethnicity','S','Not Hispanic','1970-01-01','2099-12-31',NULL);
INSERT INTO concept VALUES(40165773,'Enalapril Maleate 20 MG Oral Tablet','Drug','RxNorm','Clinical Drug','S','858810','2009-09-06','2099-12-31',NULL);
INSERT INTO concept VALUES(40174825,'Hydralazine Hydrochloride 50 MG Oral Tablet','Drug','RxNorm','Clinical Drug','S','905395','2010-04-04','2099-12-31',NULL);
INSERT INTO concept VALUES(44814722,'Period while enrolled in insurance','Type Concept','Obs Period Type','Obs Period Type','S','OMOP4822293','1970-01-01','2099-12-31',NULL);
INSERT INTO concept VALUES(44818517,'Visit derived from encounter on claim','Type Concept','Visit Type','Visit Type','S','OMOP4822465','1970-01-01','2099-12-31',NULL);
INSERT INTO concept VALUES(44818723,'Subsumes','Metadata','Relationship','Relationship',NULL,'OMOP generated','1970-01-01','2099-12-31',NULL);
INSERT INTO concept VALUES(44818821,'Is a','Metadata','Relationship','Relationship',NULL,'OMOP generated','1970-01-01','2099-12-31',NULL);
INSERT INTO concept VALUES(44818981,'Ingredient','Metadata','Concept Class','Concept Class',NULL,'OMOP generated','1970-01-01','2099-12-31',NULL);
INSERT INTO concept VALUES(44818997,'Clinical Finding','Metadata','Concept Class','Concept Class',NULL,'OMOP generated','1970-01-01','2099-12-31',NULL);
INSERT INTO concept VALUES(44819023,'OMOP Visit','Metadata','Concept Class','Concept Class',NULL,'OMOP generated','1970-01-01','2099-12-31',NULL);
INSERT INTO concept VALUES(44819025,'Domain','Metadata','Concept Class','Concept Class',NULL,'OMOP generated','1970-01-01','2099-12-31',NULL);
INSERT INTO concept VALUES(44819028,'Semantic Clinical Drug','Metadata','Concept Class','Concept Class',NULL,'OMOP generated','1970-01-01','2099-12-31',NULL);
INSERT INTO concept VALUES(44819030,'Race','Metadata','Concept Class','Concept Class',NULL,'OMOP generated','1970-01-01','2099-12-31',NULL);
INSERT INTO concept VALUES(44819035,'Ethnicity','Metadata','Concept Class','Concept Class',NULL,'OMOP generated','1970-01-01','2099-12-31',NULL);
INSERT INTO concept VALUES(44819039,'Visit Type','Metadata','Concept Class','Concept Class',NULL,'OMOP generated','1970-01-01','2099-12-31',NULL);
INSERT INTO concept VALUES(44819044,'Undefined','Metadata','Concept Class','Concept Class',NULL,'OMOP generated','1970-01-01','2099-12-31',NULL);
INSERT INTO concept VALUES(44819058,'Model Component','Metadata','Concept Class','Concept Class',NULL,'OMOP generated','1970-01-01','2099-12-31',NULL);
INSERT INTO concept VALUES(44819062,'Observation Period Type','Metadata','Concept Class','Concept Class',NULL,'OMOP generated','1970-01-01','2099-12-31',NULL);
INSERT INTO concept VALUES(44819063,'Semantic Branded Drug','Metadata','Concept Class','Concept Class',NULL,'OMOP generated','1970-01-01','2099-12-31',NULL);
INSERT INTO concept VALUES(44819086,'Gender','Metadata','Concept Class','Concept Class',NULL,'OMOP generated','1970-01-01','2099-12-31',NULL);
INSERT INTO concept VALUES(44819096,'OMOP Standardized Vocabularies','Metadata','Vocabulary','Vocabulary',NULL,'OMOP generated','1970-01-01','2099-12-31',NULL);
INSERT INTO concept VALUES(44819097,'Systematic Nomenclature of Medicine - Clinical Terms (IHTSDO)','Metadata','Vocabulary','Vocabulary',NULL,'OMOP generated','1970-01-01','2099-12-31',NULL);
INSERT INTO concept VALUES(44819104,'RxNorm (NLM)','Metadata','Vocabulary','Vocabulary',NULL,'OMOP generated','1970-01-01','2099-12-31',NULL);
INSERT INTO concept VALUES(44819105,'National Drug Code (FDA and manufacturers)','Metadata','Vocabulary','Vocabulary',NULL,'OMOP generated','1970-01-01','2099-12-31',NULL);
INSERT INTO concept VALUES(44819108,'OMOP Gender','Metadata','Vocabulary','Vocabulary',NULL,'OMOP generated','1970-01-01','2099-12-31',NULL);
INSERT INTO concept VALUES(44819109,'Race and Ethnicity Code Set (USBC)','Metadata','Vocabulary','Vocabulary',NULL,'OMOP generated','1970-01-01','2099-12-31',NULL);
INSERT INTO concept VALUES(44819110,'CMS Place of Service','Metadata','Vocabulary','Vocabulary',NULL,'OMOP generated','1970-01-01','2099-12-31',NULL);
INSERT INTO concept VALUES(44819119,'OMOP Visit','Metadata','Vocabulary','Vocabulary',NULL,'OMOP generated','1970-01-01','2099-12-31',NULL);
INSERT INTO concept VALUES(44819123,'Legacy OMOP HOI or DOI cohort','Metadata','Vocabulary','Vocabulary',NULL,'OMOP generated','1970-01-01','2099-12-31',NULL);
INSERT INTO concept VALUES(44819126,'OMOP Drug Exposure Type','Metadata','Vocabulary','Vocabulary',NULL,'OMOP generated','1970-01-01','2099-12-31',NULL);
INSERT INTO concept VALUES(44819127,'OMOP Condition Occurrence Type','Metadata','Vocabulary','Vocabulary',NULL,'OMOP generated','1970-01-01','2099-12-31',NULL);
INSERT INTO concept VALUES(44819134,'OMOP Ethnicity','Metadata','Vocabulary','Vocabulary',NULL,'OMOP generated','1970-01-01','2099-12-31',NULL);
INSERT INTO concept VALUES(44819147,'OMOP Domain','Metadata','Vocabulary','Vocabulary',NULL,'OMOP generated','1970-01-01','2099-12-31',NULL);
INSERT INTO concept VALUES(44819149,'OMOP Observation Period Type','Metadata','Vocabulary','Vocabulary',NULL,'OMOP generated','1970-01-01','2099-12-31',NULL);
INSERT INTO concept VALUES(44819150,'OMOP Visit Type','Metadata','Vocabulary','Vocabulary',NULL,'OMOP generated','1970-01-01','2099-12-31',NULL);
INSERT INTO concept VALUES(44819232,'OMOP Vocabulary','Metadata','Vocabulary','Vocabulary',NULL,'OMOP generated','1970-01-01','2099-12-31',NULL);
INSERT INTO concept VALUES(44819233,'OMOP Concept Class','Metadata','Vocabulary','Vocabulary',NULL,'OMOP generated','1970-01-01','2099-12-31',NULL);
INSERT INTO concept VALUES(44819235,'OMOP Relationship','Metadata','Vocabulary','Vocabulary',NULL,'OMOP generated','1970-01-01','2099-12-31',NULL);
INSERT INTO concept VALUES(44819243,'11-digit NDC code','Metadata','Concept Class','Concept Class',NULL,'OMOP generated','1970-01-01','2099-12-31',NULL);
INSERT INTO concept VALUES(44819246,'Cohort','Metadata','Concept Class','Concept Class',NULL,'OMOP generated','1970-01-01','2099-12-31',NULL);
INSERT INTO concept VALUES(44819247,'OMOP Concept Class','Metadata','Concept Class','Concept Class',NULL,'OMOP generated','1970-01-01','2099-12-31',NULL);
INSERT INTO concept VALUES(44819248,'OMOP Condition Type','Metadata','Concept Class','Concept Class',NULL,'OMOP generated','1970-01-01','2099-12-31',NULL);
INSERT INTO concept VALUES(44819252,'Drug Type','Metadata','Concept Class','Concept Class',NULL,'OMOP generated','1970-01-01','2099-12-31',NULL);
INSERT INTO concept VALUES(44819274,'OMOP Relationship','Metadata','Concept Class','Concept Class',NULL,'OMOP generated','1970-01-01','2099-12-31',NULL);
INSERT INTO concept VALUES(44819279,'OMOP Vocabulary','Metadata','Concept Class','Concept Class',NULL,'OMOP generated','1970-01-01','2099-12-31',NULL);
INSERT INTO concept VALUES(44819697,'Acute myocardial infarction of other anterior wall, subsequent episode of care','Condition','ICD9CM','5-dig billing code',NULL,'410.12','1970-01-01','2099-12-31',NULL);
INSERT INTO concept VALUES(44819701,'Acute myocardial infarction, subendocardial infarction','Condition','ICD9CM','4-dig nonbill code',NULL,'410.7','1970-01-01','2099-12-31',NULL);
INSERT INTO concept VALUES(44819702,'Acute myocardial infarction, unspecified site','Condition','ICD9CM','4-dig nonbill code',NULL,'410.9','1970-01-01','2099-12-31',NULL);
INSERT INTO concept VALUES(44820857,'Acute myocardial infarction, of anterolateral wall','Condition','ICD9CM','4-dig nonbill code',NULL,'410.0','1970-01-01','2099-12-31',NULL);
INSERT INTO concept VALUES(44820858,'Acute myocardial infarction of anterolateral wall, subsequent episode of care','Condition','ICD9CM','5-dig billing code',NULL,'410.02','1970-01-01','2099-12-31',NULL);
INSERT INTO concept VALUES(44823109,'Malignant essential hypertension','Condition','ICD9CM','4-dig billing code',NULL,'401.0','1970-01-01','2099-12-31',NULL);
INSERT INTO concept VALUES(44823654,'Complications affecting specified body systems, not elsewhere classified','Condition','ICD9CM','3-dig nonbill code',NULL,'997','1970-01-01','2099-12-31',NULL);
INSERT INTO concept VALUES(44824236,'Other malignant secondary hypertension','Condition','ICD9CM','5-dig billing code',NULL,'405.09','1970-01-01','2099-12-31',NULL);
INSERT INTO concept VALUES(44825428,'Acute myocardial infarction, of other inferior wall','Condition','ICD9CM','4-dig nonbill code',NULL,'410.4','1970-01-01','2099-12-31',NULL);
INSERT INTO concept VALUES(44825429,'Subendocardial infarction, initial episode of care','Condition','ICD9CM','5-dig billing code',NULL,'410.71','1970-01-01','2099-12-31',NULL);
INSERT INTO concept VALUES(44830078,'Unspecified renovascular hypertension','Condition','ICD9CM','5-dig billing code',NULL,'405.91','1970-01-01','2099-12-31',NULL);
INSERT INTO concept VALUES(44830637,'Complications affecting other specified body systems, not elsewhere classified, hypertension','Condition','ICD9CM','5-dig billing code',NULL,'997.91','1970-01-01','2099-12-31',NULL);
INSERT INTO concept VALUES(44831233,'Malignant secondary hypertension','Condition','ICD9CM','4-dig nonbill code',NULL,'405.0','1970-01-01','2099-12-31',NULL);
INSERT INTO concept VALUES(44832370,'Secondary hypertension','Condition','ICD9CM','3-dig nonbill code',NULL,'405','1970-01-01','2099-12-31',NULL);
INSERT INTO concept VALUES(44832372,'Acute myocardial infarction','Condition','ICD9CM','3-dig nonbill code',NULL,'410','1970-01-01','2099-12-31',NULL);
INSERT INTO concept VALUES(44832374,'Acute myocardial infarction of other inferior wall, subsequent episode of care','Condition','ICD9CM','5-dig billing code',NULL,'410.42','1970-01-01','2099-12-31',NULL);
INSERT INTO concept VALUES(44833556,'Essential hypertension','Condition','ICD9CM','3-dig nonbill code',NULL,'401','1970-01-01','2099-12-31',NULL);
INSERT INTO concept VALUES(44834718,'Acute myocardial infarction, of other anterior wall','Condition','ICD9CM','4-dig nonbill code',NULL,'410.1','1970-01-01','2099-12-31',NULL);
INSERT INTO concept VALUES(44835301,'Complications affecting other specified body systems, not elsewhere classified','Condition','ICD9CM','4-dig nonbill code',NULL,'997.9','1970-01-01','2099-12-31',NULL);
INSERT INTO concept VALUES(44835925,'Other unspecified secondary hypertension','Condition','ICD9CM','5-dig billing code',NULL,'405.99','1970-01-01','2099-12-31',NULL);
INSERT INTO concept VALUES(44835928,'Acute myocardial infarction of unspecified site, episode of care unspecified','Condition','ICD9CM','5-dig billing code',NULL,'410.90','1970-01-01','2099-12-31',NULL);
INSERT INTO concept VALUES(44837098,'Unspecified secondary hypertension','Condition','ICD9CM','4-dig nonbill code',NULL,'405.9','1970-01-01','2099-12-31',NULL);
INSERT INTO concept VALUES(44841767,'Chlorthalidone 25 MG Oral Tablet','Drug','NDC','11-digit NDC',NULL,'00894632103','2007-06-01','2011-01-01','D');
INSERT INTO concept VALUES(44871708,'Enalapril Maleate 20 MG Oral Tablet','Drug','NDC','11-digit NDC',NULL,'68788092909','2009-10-01','2012-06-01','D');
INSERT INTO concept VALUES(44922810,'Lisinopril 20 MG Oral Tablet','Drug','NDC','11-digit NDC',NULL,'68180051501','2007-06-01','2099-12-31',NULL);
INSERT INTO concept VALUES(44941256,'Ramipril 2.5 MG Oral Capsule [Altace]','Drug','NDC','11-digit NDC',NULL,'00088010427','2007-06-01','2013-01-01','D');
INSERT INTO concept VALUES(44948932,'Lisinopril 10 MG Oral Tablet','Drug','NDC','11-digit NDC',NULL,'43683014730','2009-05-01','2012-06-01','D');
INSERT INTO concept VALUES(44967315,'Enalapril Maleate 20 MG Oral Tablet','Drug','NDC','11-digit NDC',NULL,'51672404003','2009-10-01','2099-12-31',NULL);
INSERT INTO concept VALUES(44981339,'Hydrochlorothiazide 50 MG Oral Tablet','Drug','NDC','11-digit NDC',NULL,'27444263107','2008-02-01','2012-06-01','D');
INSERT INTO concept VALUES(45036483,'Captopril 50 MG Oral Tablet','Drug','NDC','11-digit NDC',NULL,'53978051701','2007-06-01','2012-06-01','D');
INSERT INTO concept VALUES(45039771,'Hydralazine Hydrochloride 50 MG Oral Tablet','Drug','NDC','11-digit NDC',NULL,'61392063739','2010-04-01','2012-06-01','D');
INSERT INTO concept VALUES(45082806,'Hydrochlorothiazide 50 MG Oral Tablet','Drug','NDC','11-digit NDC',NULL,'12634047150','2010-06-01','2099-12-31',NULL);
INSERT INTO concept VALUES(45159452,'irbesartan 150 MG Oral Tablet [Avapro]','Drug','NDC','11-digit NDC',NULL,'63629337303','2007-06-01','2099-12-31',NULL);
INSERT INTO concept VALUES(45243001,'Metolazone 5 MG Oral Tablet','Drug','NDC','11-digit NDC',NULL,'58016030821','2007-06-01','2012-06-01','D');
INSERT INTO concept VALUES(45336217,'Hydrochlorothiazide 25 MG Oral Tablet','Drug','NDC','11-digit NDC',NULL,'00814372014','2007-06-01','2011-01-01','D');
INSERT INTO concept VALUES(45754869,'4-digit billing code','Metadata','Concept Class','Concept Class',NULL,'OMOP generated','1970-01-01','2099-12-31',NULL);
INSERT INTO concept VALUES(45754870,'5-digit billing code','Metadata','Concept Class','Concept Class',NULL,'OMOP generated','1970-01-01','2099-12-31',NULL);
INSERT INTO concept VALUES(45754876,'3-digit non-billing code','Metadata','Concept Class','Concept Class',NULL,'OMOP generated','1970-01-01','2099-12-31',NULL);
INSERT INTO concept VALUES(45754877,'4-digit non-billing code','Metadata','Concept Class','Concept Class',NULL,'OMOP generated','1970-01-01','2099-12-31',NULL);
INSERT INTO concept VALUES(45768449,'Hypertensive crisis','Condition','SNOMED','Clinical Finding','S','706882009','2015-01-31','2099-12-31',NULL);
CREATE TABLE IF NOT EXISTS "concept_ancestor" ("ancestor_concept_id" INT,"descendant_concept_id" INT,"min_levels_of_separation" INT,"max_levels_of_separation" INT);
INSERT INTO concept_ancestor VALUES(9201,8717,1,1);
INSERT INTO concept_ancestor VALUES(9202,8756,1,1);
INSERT INTO concept_ancestor VALUES(312327,434376,1,1);
INSERT INTO concept_ancestor VALUES(312327,438170,1,1);
INSERT INTO concept_ancestor VALUES(312327,438438,1,1);
INSERT INTO concept_ancestor VALUES(312327,444406,1,1);
INSERT INTO concept_ancestor VALUES(316866,317895,3,3);
INSERT INTO concept_ancestor VALUES(316866,317898,2,4);
INSERT INTO concept_ancestor VALUES(316866,318437,2,4);
INSERT INTO concept_ancestor VALUES(316866,319826,1,1);
INSERT INTO concept_ancestor VALUES(316866,45768449,1,1);
INSERT INTO concept_ancestor VALUES(319826,317895,2,2);
INSERT INTO concept_ancestor VALUES(319826,318437,1,1);
INSERT INTO concept_ancestor VALUES(907013,907020,2,3);
INSERT INTO concept_ancestor VALUES(974166,19019044,2,3);
INSERT INTO concept_ancestor VALUES(974166,19078106,2,3);
INSERT INTO concept_ancestor VALUES(1308216,19080128,2,3);
INSERT INTO concept_ancestor VALUES(1308216,19080129,2,3);
INSERT INTO concept_ancestor VALUES(1334456,1334459,2,3);
INSERT INTO concept_ancestor VALUES(1340128,19074673,2,3);
INSERT INTO concept_ancestor VALUES(1341927,40165773,2,3);
INSERT INTO concept_ancestor VALUES(1347384,1347386,2,3);
INSERT INTO concept_ancestor VALUES(1373928,40174825,2,3);
INSERT INTO concept_ancestor VALUES(1395058,1395073,2,3);
INSERT INTO concept_ancestor VALUES(4329847,312327,1,1);
INSERT INTO concept_ancestor VALUES(4329847,434376,2,2);
INSERT INTO concept_ancestor VALUES(4329847,438170,2,2);
INSERT INTO concept_ancestor VALUES(4329847,438438,2,2);
INSERT INTO concept_ancestor VALUES(4329847,444406,2,2);
INSERT INTO concept_ancestor VALUES(45768449,317898,3,3);
INSERT INTO concept_ancestor VALUES(45768449,318437,3,3);
CREATE TABLE IF NOT EXISTS "concept_class" ("concept_class_id" TEXT,"concept_class_name" TEXT,"concept_class_concept_id" INT);
INSERT INTO concept_class VALUES('11-digit NDC','11-digit NDC code',44819243);
INSERT INTO concept_class VALUES('3-dig nonbill code','3-digit non-billing code',45754876);
INSERT INTO concept_class VALUES('4-dig billing code','4-digit billing code',45754869);
INSERT INTO concept_class VALUES('4-dig nonbill code','4-digit non-billing code',45754877);
INSERT INTO concept_class VALUES('5-dig billing code','5-digit billing code',45754870);
INSERT INTO concept_class VALUES('Branded Drug','Semantic Branded Drug',44819063);
INSERT INTO concept_class VALUES('Clinical Drug','Semantic Clinical Drug',44819028);
INSERT INTO concept_class VALUES('Clinical Finding','Clinical Finding',44818997);
INSERT INTO concept_class VALUES('Cohort','Cohort',44819246);
INSERT INTO concept_class VALUES('Concept Class','OMOP Concept Class',44819247);
INSERT INTO concept_class VALUES('Condition Type','Condition Type',44819248);
INSERT INTO concept_class VALUES('Domain','Domain',44819025);
INSERT INTO concept_class VALUES('Drug Type','Drug Type',44819252);
INSERT INTO concept_class VALUES('Ethnicity','Ethnicity',44819035);
INSERT INTO concept_class VALUES('Gender','Gender',44819086);
INSERT INTO concept_class VALUES('Ingredient','Ingredient',44818981);
INSERT INTO concept_class VALUES('Model Comp','Model Component',44819058);
INSERT INTO concept_class VALUES('Obs Period Type','Observation Period Type',44819062);
INSERT INTO concept_class VALUES('Race','Race',44819030);
INSERT INTO concept_class VALUES('Relationship','OMOP Relationship',44819274);
INSERT INTO concept_class VALUES('Undefined','Undefined',44819044);
INSERT INTO concept_class VALUES('Visit','OMOP Visit',44819023);
INSERT INTO concept_class VALUES('Visit Type','Visit Type',44819039);
INSERT INTO concept_class VALUES('Vocabulary','OMOP Vocabulary',44819279);
CREATE TABLE IF NOT EXISTS "concept_relationship" ("concept_id_1" INT,"concept_id_2" INT,"relationship_id" TEXT,"valid_start_date" TEXT,"valid_end_date" TEXT,"invalid_reason" TEXT);
INSERT INTO concept_relationship VALUES(8717,9201,'Is a','1970-01-01','2099-12-31',NULL);
INSERT INTO concept_relationship VALUES(8756,9202,'Is a','1970-01-01','2099-12-31',NULL);
INSERT INTO concept_relationship VALUES(312327,4329847,'Is a','2011-07-31','2099-12-31',NULL);
INSERT INTO concept_relationship VALUES(318437,319826,'Is a','2011-07-31','2099-12-31',NULL);
INSERT INTO concept_relationship VALUES(319826,316866,'Is a','2011-07-31','2099-12-31',NULL);
INSERT INTO concept_relationship VALUES(434376,312327,'Is a','2011-07-31','2099-12-31',NULL);
INSERT INTO concept_relationship VALUES(438170,312327,'Is a','2011-07-31','2099-12-31',NULL);
INSERT INTO concept_relationship VALUES(438438,312327,'Is a','2011-07-31','2099-12-31',NULL);
INSERT INTO concept_relationship VALUES(444406,312327,'Is a','2011-07-31','2099-12-31',NULL);
INSERT INTO concept_relationship VALUES(44819697,44832372,'Is a','2014-10-01','2099-12-31',NULL);
INSERT INTO concept_relationship VALUES(44819697,44834718,'Is a','2014-10-01','2099-12-31',NULL);
INSERT INTO concept_relationship VALUES(44819701,44832372,'Is a','2014-10-01','2099-12-31',NULL);
INSERT INTO concept_relationship VALUES(44819702,44832372,'Is a','2014-10-01','2099-12-31',NULL);
INSERT INTO concept_relationship VALUES(44820857,44832372,'Is a','2014-10-01','2099-12-31',NULL);
INSERT INTO concept_relationship VALUES(44820858,44820857,'Is a','2014-10-01','2099-12-31',NULL);
INSERT INTO concept_relationship VALUES(44820858,44832372,'Is a','2014-10-01','2099-12-31',NULL);
INSERT INTO concept_relationship VALUES(44823109,44833556,'Is a','2014-10-01','2099-12-31',NULL);
INSERT INTO concept_relationship VALUES(44824236,44831233,'Is a','2014-10-01','2099-12-31',NULL);
INSERT INTO concept_relationship VALUES(44824236,44832370,'Is a','2014-10-01','2099-12-31',NULL);
INSERT INTO concept_relationship VALUES(44825428,44832372,'Is a','2014-10-01','2099-12-31',NULL);
INSERT INTO concept_relationship VALUES(44825429,44819701,'Is a','2014-10-01','2099-12-31',NULL);
INSERT INTO concept_relationship VALUES(44825429,44832372,'Is a','2014-10-01','2099-12-31',NULL);
INSERT INTO concept_relationship VALUES(44830078,44832370,'Is a','2014-10-01','2099-12-31',NULL);
INSERT INTO concept_relationship VALUES(44830078,44837098,'Is a','2014-10-01','2099-12-31',NULL);
INSERT INTO concept_relationship VALUES(44830637,44823654,'Is a','2014-10-01','2099-12-31',NULL);
INSERT INTO concept_relationship VALUES(44830637,44835301,'Is a','2014-10-01','2099-12-31',NULL);
INSERT INTO concept_relationship VALUES(44831233,44832370,'Is a','2014-10-01','2099-12-31',NULL);
INSERT INTO concept_relationship VALUES(44832374,44825428,'Is a','2014-10-01','2099-12-31',NULL);
INSERT INTO concept_relationship VALUES(44832374,44832372,'Is a','2014-10-01','2099-12-31',NULL);
INSERT INTO concept_relationship VALUES(44834718,44832372,'Is a','2014-10-01','2099-12-31',NULL);
INSERT INTO concept_relationship VALUES(44835301,44823654,'Is a','2014-10-01','2099-12-31',NULL);
INSERT INTO concept_relationship VALUES(44835925,44832370,'Is a','2014-10-01','2099-12-31',NULL);
INSERT INTO concept_relationship VALUES(44835925,44837098,'Is a','2014-10-01','2099-12-31',NULL);
INSERT INTO concept_relationship VALUES(44835928,44819702,'Is a','2014-10-01','2099-12-31',NULL);
INSERT INTO concept_relationship VALUES(44835928,44832372,'Is a','2014-10-01','2099-12-31',NULL);
INSERT INTO concept_relationship VALUES(44837098,44832370,'Is a','2014-10-01','2099-12-31',NULL);
INSERT INTO concept_relationship VALUES(45768449,316866,'Is a','2015-01-31','2099-12-31',NULL);
CREATE TABLE IF NOT EXISTS "concept_synonym" ("concept_id" INT,"concept_synonym_name" TEXT,"language_concept_id" INT);
CREATE TABLE IF NOT EXISTS "condition_era" ("condition_era_id" INT,"person_id" INT,"condition_concept_id" INT,"condition_era_start_date" TEXT,"condition_era_end_date" TEXT,"condition_occurrence_count" INT);
CREATE TABLE IF NOT EXISTS "condition_occurrence" ("condition_occurrence_id" INT,"person_id" INT,"condition_concept_id" INT,"condition_start_date" TEXT,"condition_end_date" TEXT,"condition_type_concept_id" INT,"stop_reason" TEXT,"provider_id" INT,"visit_occurrence_id" INT,"condition_source_value" TEXT,"condition_source_concept_id" INT);
INSERT INTO condition_occurrence VALUES(228060,1780,319826,'2008-11-22','2008-11-22',38000230,NULL,12674,88214,'40599',44835925);
INSERT INTO condition_occurrence VALUES(228161,1780,312327,'2008-04-10','2008-04-10',38000230,NULL,61112,88246,'41090',44835928);
INSERT INTO condition_occurrence VALUES(228213,1780,317895,'2009-05-22','2009-05-22',38000230,NULL,61118,88263,'40591',44830078);
INSERT INTO condition_occurrence VALUES(3767773,30091,444406,'2009-08-02','2009-08-03',38000230,NULL,2185,1454884,'41071',44825429);
INSERT INTO condition_occurrence VALUES(3767867,30091,318437,'2008-11-12','2008-11-12',38000230,NULL,36303,1454922,'40509',44824236);
INSERT INTO condition_occurrence VALUES(4696246,37455,317898,'2008-10-30','2008-10-30',38000230,NULL,16,1813776,'4010',44823109);
INSERT INTO condition_occurrence VALUES(4696273,37455,438438,'2010-08-12','2010-08-12',38000230,NULL,272592,1813788,'41002',44820858);
INSERT INTO condition_occurrence VALUES(4696477,37455,318437,'2008-03-18','2008-03-18',38000230,NULL,279614,1813856,'40509',44824236);
INSERT INTO condition_occurrence VALUES(5300888,42383,317898,'2010-04-15','2010-04-15',38000230,NULL,1883,2046364,'4010',44823109);
INSERT INTO condition_occurrence VALUES(5300928,42383,319826,'2009-06-29','2009-06-29',38000230,NULL,689,2046380,'40599',44835925);
INSERT INTO condition_occurrence VALUES(8701359,69985,444406,'2010-07-22','2010-07-30',38000200,NULL,83104,3359790,'41071',44825429);
INSERT INTO condition_occurrence VALUES(8701405,69985,312327,'2010-05-06','2010-05-07',38000230,NULL,329631,3359810,'41090',44835928);
INSERT INTO condition_occurrence VALUES(8701422,69985,317898,'2009-01-09','2009-01-09',38000230,NULL,21645,3359817,'4010',44823109);
INSERT INTO condition_occurrence VALUES(8701480,69985,317898,'2010-04-17','2010-04-17',38000230,NULL,21673,3359838,'4010',44823109);
INSERT INTO condition_occurrence VALUES(8963258,72120,317898,'2008-12-15','2008-12-15',38000230,NULL,339214,3461442,'4010',44823109);
INSERT INTO condition_occurrence VALUES(10234411,82328,317898,'2009-01-25','2009-01-25',38000230,NULL,5516,3952172,'4010',44823109);
INSERT INTO condition_occurrence VALUES(10234551,82328,317898,'2008-10-20','2008-10-20',38000230,NULL,197101,3952218,'4010',44823109);
INSERT INTO condition_occurrence VALUES(11881327,95538,444406,'2009-03-30','2009-04-03',38000200,NULL,95836,4586628,'41071',44825429);
INSERT INTO condition_occurrence VALUES(11881388,95538,316866,'2009-09-02','2009-09-02',38000230,NULL,435002,4586653,'99791',44830637);
INSERT INTO condition_occurrence VALUES(13374905,107680,444406,'2009-07-20','2009-07-30',38000200,NULL,60753,5162803,'41071',44825429);
INSERT INTO condition_occurrence VALUES(13375372,107680,317898,'2009-06-07','2009-06-07',38000230,NULL,99551,5162964,'4010',44823109);
INSERT INTO condition_occurrence VALUES(13769162,110862,444406,'2009-09-30','2009-10-01',38000200,NULL,31857,5314664,'41071',44825429);
INSERT INTO condition_occurrence VALUES(13769189,110862,438170,'2008-09-07','2008-09-16',38000230,NULL,5159,5314671,'41042',44832374);
INSERT INTO condition_occurrence VALUES(13769190,110862,434376,'2008-09-07','2008-09-16',38000230,NULL,5159,5314671,'41012',44819697);
INSERT INTO condition_occurrence VALUES(13769242,110862,317898,'2009-06-30','2009-06-30',38000230,NULL,31906,5314690,'4010',44823109);
INSERT INTO condition_occurrence VALUES(13769260,110862,312327,'2010-06-07','2010-06-07',38000230,NULL,192777,5314696,'41090',44835928);
CREATE TABLE IF NOT EXISTS "death" ("person_id" INT,"death_date" TEXT,"death_type_concept_id" INT,"cause_concept_id" INT,"cause_source_value" TEXT,"cause_source_concept_id" INT);
CREATE TABLE IF NOT EXISTS "device_cost" ("device_cost_id" INT,"device_exposure_id" INT,"currency_concept_id" INT,"paid_copay" REAL,"paid_coinsurance" REAL,"paid_toward_deductible" REAL,"paid_by_payer" REAL,"paid_by_coordination_benefits" REAL,"total_out_of_pocket" REAL,"total_paid" REAL,"payer_plan_period_id" INT);
CREATE TABLE IF NOT EXISTS "device_exposure" ("device_exposure_id" INT,"person_id" INT,"device_concept_id" INT,"device_exposure_start_date" TEXT,"device_exposure_end_date" TEXT,"device_type_concept_id" INT,"unique_device_id" TEXT,"quantity" INT,"provider_id" INT,"visit_occurrence_id" INT,"device_source_value" TEXT,"device_source_concept_id" INT);
CREATE TABLE IF NOT EXISTS "domain" ("domain_id" TEXT,"domain_name" TEXT,"domain_concept_id" INT);
INSERT INTO domain VALUES('Condition','Condition',19);
INSERT INTO domain VALUES('Drug','Drug',13);
INSERT INTO domain VALUES('Ethnicity','Ethnicity',4);
INSERT INTO domain VALUES('Gender','Gender',2);
INSERT INTO domain VALUES('Metadata','Metadata',7);
INSERT INTO domain VALUES('Race','Race',3);
INSERT INTO domain VALUES('Type Concept','Type Concept',58);
INSERT INTO domain VALUES('Visit','Visit',8);
CREATE TABLE IF NOT EXISTS "dose_era" ("dose_era_id" INT,"person_id" INT,"drug_concept_id" INT,"unit_concept_id" INT,"dose_value" REAL,"dose_era_start_date" TEXT,"dose_era_end_date" TEXT);
CREATE TABLE IF NOT EXISTS "drug_cost" ("drug_cost_id" INT,"drug_exposure_id" INT,"currency_concept_id" INT,"paid_copay" REAL,"paid_coinsurance" REAL,"paid_toward_deductible" REAL,"paid_by_payer" REAL,"paid_by_coordination_benefits" REAL,"total_out_of_pocket" REAL,"total_paid" REAL,"ingredient_cost" REAL,"dispensing_fee" REAL,"average_wholesale_price" REAL,"payer_plan_period_id" INT);
CREATE TABLE IF NOT EXISTS "drug_era" ("drug_era_id" INT,"person_id" INT,"drug_concept_id" INT,"drug_era_start_date" TEXT,"drug_era_end_date" TEXT,"drug_exposure_count" INT,"gap_days" INT);
INSERT INTO drug_era VALUES(84172,1780,974166,'2009-03-02','2009-04-01',1,0);
INSERT INTO drug_era VALUES(84173,1780,1373928,'2009-06-02','2009-07-02',1,0);
INSERT INTO drug_era VALUES(1491126,30091,1340128,'2009-03-28','2009-04-27',1,0);
INSERT INTO drug_era VALUES(1849996,37455,1395058,'2009-08-17','2009-09-16',1,0);
INSERT INTO drug_era VALUES(2094935,42383,1308216,'2010-04-15','2010-04-25',1,0);
INSERT INTO drug_era VALUES(2094937,42383,1334456,'2009-11-06','2009-12-06',1,0);
INSERT INTO drug_era VALUES(3471617,69985,1308216,'2009-05-05','2009-06-04',1,0);
INSERT INTO drug_era VALUES(3577192,72120,974166,'2009-02-25','2009-03-27',1,0);
INSERT INTO drug_era VALUES(4079150,82328,1341927,'2009-08-24','2009-09-23',1,0);
INSERT INTO drug_era VALUES(4079151,82328,1347384,'2010-04-02','2010-05-02',1,0);
INSERT INTO drug_era VALUES(4731737,95538,974166,'2010-01-20','2010-02-19',1,0);
INSERT INTO drug_era VALUES(5344660,107680,907013,'2009-07-06','2009-08-05',1,0);
INSERT INTO drug_era VALUES(5504602,110862,1341927,'2010-04-05','2010-05-05',1,0);
CREATE TABLE IF NOT EXISTS "drug_exposure" ("drug_exposure_id" INT,"person_id" INT,"drug_concept_id" INT,"drug_exposure_start_date" TEXT,"drug_exposure_end_date" TEXT,"drug_type_concept_id" INT,"stop_reason" TEXT,"refills" INT,"quantity" REAL,"days_supply" INT,"sig" TEXT,"route_concept_id" INT,"effective_drug_dose" REAL,"dose_unit_concept_id" INT,"lot_number" TEXT,"provider_id" INT,"visit_occurrence_id" INT,"drug_source_value" TEXT,"drug_source_concept_id" INT,"route_source_value" TEXT,"dose_unit_source_value" TEXT);
INSERT INTO drug_exposure VALUES(92183,1780,40174825,'2009-06-02',NULL,38000175,NULL,NULL,0.0,30,NULL,NULL,NULL,NULL,NULL,NULL,NULL,'61392063739',45039771,NULL,NULL);
INSERT INTO drug_exposure VALUES(92184,1780,19019044,'2009-03-02',NULL,38000175,NULL,NULL,10.0,30,NULL,NULL,NULL,NULL,NULL,NULL,NULL,'12634047150',45082806,NULL,NULL);
INSERT INTO drug_exposure VALUES(1624988,30091,19074673,'2009-03-28',NULL,38000175,NULL,NULL,30.0,30,NULL,NULL,NULL,NULL,NULL,NULL,NULL,'53978051701',45036483,NULL,NULL);
INSERT INTO drug_exposure VALUES(2016569,37455,1395073,'2009-08-17',NULL,38000175,NULL,NULL,20.0,30,NULL,NULL,NULL,NULL,NULL,NULL,NULL,'00894632103',44841767,NULL,NULL);
INSERT INTO drug_exposure VALUES(2282940,42383,1334459,'2009-11-06',NULL,38000175,NULL,NULL,30.0,30,NULL,NULL,NULL,NULL,NULL,NULL,NULL,'00088010427',44941256,NULL,NULL);
INSERT INTO drug_exposure VALUES(2282941,42383,19080128,'2010-04-15',NULL,38000175,NULL,NULL,60.0,10,NULL,NULL,NULL,NULL,NULL,NULL,NULL,'43683014730',44948932,NULL,NULL);
INSERT INTO drug_exposure VALUES(3778545,69985,19080129,'2009-05-05',NULL,38000175,NULL,NULL,30.0,30,NULL,NULL,NULL,NULL,NULL,NULL,NULL,'68180051501',44922810,NULL,NULL);
INSERT INTO drug_exposure VALUES(3894006,72120,19019044,'2009-02-25',NULL,38000175,NULL,NULL,50.0,30,NULL,NULL,NULL,NULL,NULL,NULL,NULL,'27444263107',44981339,NULL,NULL);
INSERT INTO drug_exposure VALUES(4442355,82328,40165773,'2009-08-24',NULL,38000175,NULL,NULL,30.0,30,NULL,NULL,NULL,NULL,NULL,NULL,NULL,'68788092909',44871708,NULL,NULL);
INSERT INTO drug_exposure VALUES(4442356,82328,1347386,'2010-04-02',NULL,38000175,NULL,NULL,30.0,30,NULL,NULL,NULL,NULL,NULL,NULL,NULL,'63629337303',45159452,NULL,NULL);
INSERT INTO drug_exposure VALUES(5157574,95538,19078106,'2010-01-20',NULL,38000175,NULL,NULL,90.0,30,NULL,NULL,NULL,NULL,NULL,NULL,NULL,'00814372014',45336217,NULL,NULL);
INSERT INTO drug_exposure VALUES(5826395,107680,907020,'2009-07-06',NULL,38000175,NULL,NULL,10.0,30,NULL,NULL,NULL,NULL,NULL,NULL,NULL,'58016030821',45243001,NULL,NULL);
INSERT INTO drug_exposure VALUES(6000730,110862,40165773,'2010-04-05',NULL,38000175,NULL,NULL,30.0,30,NULL,NULL,NULL,NULL,NULL,NULL,NULL,'51672404003',44967315,NULL,NULL);
CREATE TABLE IF NOT EXISTS "drug_strength" ("drug_concept_id" INT,"ingredient_concept_id" INT,"amount_value" REAL,"amount_unit_concept_id" INT,"numerator_value" REAL,"numerator_unit_concept_id" INT,"denominator_value" REAL,"denominator_unit_concept_id" INT,"box_size" INT,"valid_start_date" TEXT,"valid_end_date" TEXT,"invalid_reason" TEXT);
CREATE TABLE IF NOT EXISTS "fact_relationship" ("domain_concept_id_1" INT,"fact_id_1" INT,"domain_concept_id_2" INT,"fact_id_2" INT,"relationship_concept_id" INT);
CREATE TABLE IF NOT EXISTS "location" ("location_id" INT,"address_1" TEXT,"address_2" TEXT,"city" TEXT,"state" TEXT,"zip" TEXT,"county" TEXT,"location_source_value" TEXT);
INSERT INTO location VALUES(9,NULL,NULL,NULL,'MI',NULL,'23810','23-810');
INSERT INTO location VALUES(116,NULL,NULL,NULL,'WA',NULL,'50260','50-260');
INSERT INTO location VALUES(229,NULL,NULL,NULL,'FL',NULL,'10350','10-350');
INSERT INTO location VALUES(276,NULL,NULL,NULL,'MD',NULL,'21020','21-020');
INSERT INTO location VALUES(352,NULL,NULL,NULL,'NY',NULL,'33240','33-240');
INSERT INTO location VALUES(373,NULL,NULL,NULL,'MS',NULL,'25370','25-370');
INSERT INTO location VALUES(436,NULL,NULL,NULL,'CO',NULL,'06060','06-060');
INSERT INTO location VALUES(1037,NULL,NULL,NULL,'GA',NULL,'11970','11-970');
INSERT INTO location VALUES(2135,NULL,NULL,NULL,'MA',NULL,'22030','22-030');
INSERT INTO location VALUES(2136,NULL,NULL,NULL,'IL',NULL,'14110','14-110');
CREATE TABLE IF NOT EXISTS "measurement" ("measurement_id" INT,"person_id" INT,"measurement_concept_id" INT,"measurement_date" TEXT,"measurement_time" TEXT,"measurement_type_concept_id" INT,"operator_concept_id" INT,"value_as_number" REAL,"value_as_concept_id" INT,"unit_concept_id" INT,"range_low" REAL,"range_high" REAL,"provider_id" INT,"visit_occurrence_id" INT,"measurement_source_value" TEXT,"measurement_source_concept_id" INT,"unit_source_value" TEXT,"value_source_value" TEXT);
CREATE TABLE IF NOT EXISTS "note" ("note_id" INT,"person_id" INT,"note_date" TEXT,"note_time" TEXT,"note_type_concept_id" INT,"note_text" TEXT,"provider_id" INT,"visit_occurrence_id" INT,"note_source_value" TEXT);
CREATE TABLE IF NOT EXISTS "observation" ("observation_id" INT,"person_id" INT,"observation_concept_id" INT,"observation_date" TEXT,"observation_time" TEXT,"observation_type_concept_id" INT,"value_as_number" REAL,"value_as_string" TEXT,"value_as_concept_id" INT,"qualifier_concept_id" INT,"unit_concept_id" INT,"provider_id" INT,"visit_occurrence_id" INT,"observation_source_value" TEXT,"observation_source_concept_id" INT,"unit_source_value" TEXT,"qualifier_source_value" TEXT);
CREATE TABLE IF NOT EXISTS "observation_period" ("observation_period_id" INT,"person_id" INT,"observation_period_start_date" TEXT,"observation_period_end_date" TEXT,"period_type_concept_id" INT);
INSERT INTO observation_period VALUES(1600,1780,'2008-02-23','2009-08-01',44814722);
INSERT INTO observation_period VALUES(27210,30091,'2008-02-09','2010-07-20',44814722);
INSERT INTO observation_period VALUES(33857,37455,'2008-01-15','2010-09-30',44814722);
INSERT INTO observation_period VALUES(38299,42383,'2008-01-04','2010-08-28',44814722);
INSERT INTO observation_period VALUES(63210,69985,'2008-02-07','2010-11-14',44814722);
INSERT INTO observation_period VALUES(65124,72120,'2008-02-12','2010-01-28',44814722);
INSERT INTO observation_period VALUES(74310,82328,'2008-05-01','2010-06-19',44814722);
INSERT INTO observation_period VALUES(86141,95538,'2008-02-22','2010-05-19',44814722);
INSERT INTO observation_period VALUES(97071,107680,'2008-02-09','2010-12-30',44814722);
INSERT INTO observation_period VALUES(99931,110862,'2008-01-04','2010-09-13',44814722);
CREATE TABLE IF NOT EXISTS "payer_plan_period" ("payer_plan_period_id" INT,"person_id" INT,"payer_plan_period_start_date" TEXT,"payer_plan_period_end_date" TEXT,"payer_source_value" TEXT,"plan_source_value" TEXT,"family_source_value" TEXT);
CREATE TABLE IF NOT EXISTS "person" ("person_id" INT,"gender_concept_id" INT,"year_of_birth" INT,"month_of_birth" INT,"day_of_birth" INT,"time_of_birth" TEXT,"race_concept_id" INT,"ethnicity_concept_id" INT,"location_id" INT,"provider_id" INT,"care_site_id" INT,"person_source_value" TEXT,"gender_source_value" TEXT,"gender_source_concept_id" INT,"race_source_value" TEXT,"race_source_concept_id" INT,"ethnicity_source_value" TEXT,"ethnicity_source_concept_id" INT);
INSERT INTO person VALUES(1780,8532,1940,2,1,NULL,8516,38003564,229,NULL,NULL,'03C244F1A64B223A','2',NULL,'2',NULL,'2',NULL);
INSERT INTO person VALUES(30091,8532,1932,8,1,NULL,8527,38003564,2135,NULL,NULL,'41C0357AA0641AEC','2',NULL,'1',NULL,'1',NULL);
INSERT INTO person VALUES(37455,8532,1913,7,1,NULL,8527,38003564,1037,NULL,NULL,'51CDC3B3A4C75AA0','2',NULL,'1',NULL,'1',NULL);
INSERT INTO person VALUES(42383,8507,1922,2,1,NULL,8527,38003564,276,NULL,NULL,'5CC1C6A408FF3B9C','1',NULL,'1',NULL,'1',NULL);
INSERT INTO person VALUES(69985,8532,1956,7,1,NULL,8527,38003564,373,NULL,NULL,'99DA34DB27BBCA8D','2',NULL,'1',NULL,'1',NULL);
INSERT INTO person VALUES(72120,8507,1937,10,1,NULL,0,38003564,2136,NULL,NULL,'9E93F86A4CDC0BE0','1',NULL,'3',NULL,'3',NULL);
INSERT INTO person VALUES(82328,8532,1957,9,1,NULL,8527,38003564,352,NULL,NULL,'B5628C42A6EA53E9','2',NULL,'1',NULL,'1',NULL);
INSERT INTO person VALUES(95538,8507,1923,11,1,NULL,8527,38003564,9,NULL,NULL,'D1EBF9FE96F83376','1',NULL,'1',NULL,'1',NULL);
INSERT INTO person VALUES(107680,8532,1963,12,1,NULL,8527,38003564,116,NULL,NULL,'ECFDFA95D3C9A010','2',NULL,'1',NULL,'1',NULL);
INSERT INTO person VALUES(110862,8507,1911,4,1,NULL,8527,38003564,436,NULL,NULL,'F3EFC3CB3F2C9D5E','1',NULL,'1',NULL,'1',NULL);
CREATE TABLE IF NOT EXISTS "procedure_cost" ("procedure_cost_id" INT,"procedure_occurrence_id" INT,"currency_concept_id" INT,"paid_copay" REAL,"paid_coinsurance" REAL,"paid_toward_deductible" REAL,"paid_by_payer" REAL,"paid_by_coordination_benefits" REAL,"total_out_of_pocket" REAL,"total_paid" REAL,"revenue_code_concept_id" INT,"payer_plan_period_id" INT,"revenue_code_source_value" TEXT);
CREATE TABLE IF NOT EXISTS "procedure_occurrence" ("procedure_occurrence_id" INT,"person_id" INT,"procedure_concept_id" INT,"procedure_date" TEXT,"procedure_type_concept_id" INT,"modifier_concept_id" INT,"quantity" INT,"provider_id" INT,"visit_occurrence_id" INT,"procedure_source_value" TEXT,"procedure_source_concept_id" INT,"qualifier_source_value" TEXT);
CREATE TABLE IF NOT EXISTS "provider" ("provider_id" INT,"provider_name" TEXT,"npi" TEXT,"dea" TEXT,"specialty_concept_id" INT,"care_site_id" INT,"year_of_birth" INT,"gender_concept_id" INT,"provider_source_value" TEXT,"specialty_source_value" TEXT,"specialty_source_concept_id" INT,"gender_source_value" TEXT,"gender_source_concept_id" INT);
INSERT INTO provider VALUES(16,NULL,'8207899456',NULL,NULL,13,NULL,NULL,'8207899456',NULL,NULL,NULL,NULL);
INSERT INTO provider VALUES(689,NULL,'9979265126',NULL,NULL,40,NULL,NULL,'9979265126',NULL,NULL,NULL,NULL);
INSERT INTO provider VALUES(1883,NULL,'4332659805',NULL,NULL,1224,NULL,NULL,'4332659805',NULL,NULL,NULL,NULL);
INSERT INTO provider VALUES(2185,NULL,'3202183602',NULL,NULL,1422,NULL,NULL,'3202183602',NULL,NULL,NULL,NULL);
INSERT INTO provider VALUES(5159,NULL,'5115680245',NULL,NULL,3547,NULL,NULL,'5115680245',NULL,NULL,NULL,NULL);
INSERT INTO provider VALUES(5247,NULL,'9656623009',NULL,NULL,3617,NULL,NULL,'9656623009',NULL,NULL,NULL,NULL);
INSERT INTO provider VALUES(5516,NULL,'2181317304',NULL,NULL,3783,NULL,NULL,'2181317304',NULL,NULL,NULL,NULL);
INSERT INTO provider VALUES(5705,NULL,'0567465136',NULL,NULL,3903,NULL,NULL,'0567465136',NULL,NULL,NULL,NULL);
INSERT INTO provider VALUES(12674,NULL,'1585545429',NULL,NULL,8192,NULL,NULL,'1585545429',NULL,NULL,NULL,NULL);
INSERT INTO provider VALUES(21645,NULL,'1675753794',NULL,NULL,13448,NULL,NULL,'1675753794',NULL,NULL,NULL,NULL);
INSERT INTO provider VALUES(21673,NULL,'3029653459',NULL,NULL,13456,NULL,NULL,'3029653459',NULL,NULL,NULL,NULL);
INSERT INTO provider VALUES(31857,NULL,'1297294125',NULL,NULL,13897,NULL,NULL,'5558383891',NULL,NULL,NULL,NULL);
INSERT INTO provider VALUES(31906,NULL,'5627631235',NULL,NULL,18956,NULL,NULL,'5627631235',NULL,NULL,NULL,NULL);
INSERT INTO provider VALUES(36303,NULL,'8709543285',NULL,NULL,21318,NULL,NULL,'8709543285',NULL,NULL,NULL,NULL);
INSERT INTO provider VALUES(60753,NULL,'7493033584',NULL,NULL,3875,NULL,NULL,'7493033584',NULL,NULL,NULL,NULL);
INSERT INTO provider VALUES(61112,NULL,'6185713175',NULL,NULL,33580,NULL,NULL,'6185713175',NULL,NULL,NULL,NULL);
INSERT INTO provider VALUES(61118,NULL,'4704222145',NULL,NULL,33583,NULL,NULL,'4704222145',NULL,NULL,NULL,NULL);
INSERT INTO provider VALUES(83104,NULL,'5760836510',NULL,NULL,43378,NULL,NULL,'5760836510',NULL,NULL,NULL,NULL);
INSERT INTO provider VALUES(95836,NULL,'7555637958',NULL,NULL,16990,NULL,NULL,'7555637958',NULL,NULL,NULL,NULL);
INSERT INTO provider VALUES(99551,NULL,'2745793733',NULL,NULL,50533,NULL,NULL,'2745793733',NULL,NULL,NULL,NULL);
INSERT INTO provider VALUES(192777,NULL,'4068240371',NULL,NULL,9812,NULL,NULL,'4068240371',NULL,NULL,NULL,NULL);
INSERT INTO provider VALUES(197101,NULL,'3898895883',NULL,NULL,15128,NULL,NULL,'3898895883',NULL,NULL,NULL,NULL);
INSERT INTO provider VALUES(272592,NULL,'3278019001',NULL,NULL,117750,NULL,NULL,'3278019001',NULL,NULL,NULL,NULL);
INSERT INTO provider VALUES(279614,NULL,'0251941872',NULL,NULL,8292,NULL,NULL,'0251941872',NULL,NULL,NULL,NULL);
INSERT INTO provider VALUES(329631,NULL,'0918290257',NULL,NULL,137825,NULL,NULL,'0918290257',NULL,NULL,NULL,NULL);
INSERT INTO provider VALUES(339214,NULL,'8377925524',NULL,NULL,33787,NULL,NULL,'8377925524',NULL,NULL,NULL,NULL);
INSERT INTO provider VALUES(435002,NULL,'6715807722',NULL,NULL,1640,NULL,NULL,'6715807722',NULL,NULL,NULL,NULL);
CREATE TABLE IF NOT EXISTS "relationship" ("relationship_id" TEXT,"relationship_name" TEXT,"is_hierarchical" TEXT,"defines_ancestry" TEXT,"reverse_relationship_id" TEXT,"relationship_concept_id" INT);
INSERT INTO relationship VALUES('Is a','Is a','1','0','Subsumes',44818821);
INSERT INTO relationship VALUES('Subsumes','Subsumes','1','1','Is a',44818723);
CREATE TABLE IF NOT EXISTS "source_to_concept_map" ("source_code" TEXT,"source_concept_id" INT,"source_vocabulary_id" TEXT,"source_code_description" TEXT,"target_concept_id" INT,"target_vocabulary_id" TEXT,"valid_start_date" TEXT,"valid_end_date" TEXT,"invalid_reason" TEXT);
CREATE TABLE IF NOT EXISTS "specimen" ("specimen_id" INT,"person_id" INT,"specimen_concept_id" INT,"specimen_type_concept_id" INT,"specimen_date" TEXT,"specimen_time" TEXT,"quantity" REAL,"unit_concept_id" INT,"anatomic_site_concept_id" INT,"disease_status_concept_id" INT,"specimen_source_id" TEXT,"specimen_source_value" TEXT,"unit_source_value" TEXT,"anatomic_site_source_value" TEXT,"disease_status_source_value" TEXT);
CREATE TABLE IF NOT EXISTS "visit_cost" ("visit_cost_id" INT,"visit_occurrence_id" INT,"currency_concept_id" INT,"paid_copay" REAL,"paid_coinsurance" REAL,"paid_toward_deductible" REAL,"paid_by_payer" REAL,"paid_by_coordination_benefits" REAL,"total_out_of_pocket" REAL,"total_paid" REAL,"payer_plan_period_id" INT);
CREATE TABLE IF NOT EXISTS "visit_occurrence" ("visit_occurrence_id" INT,"person_id" INT,"visit_concept_id" INT,"visit_start_date" TEXT,"visit_start_time" TEXT,"visit_end_date" TEXT,"visit_end_time" TEXT,"visit_type_concept_id" INT,"provider_id" INT,"care_site_id" INT,"visit_source_value" TEXT,"visit_source_concept_id" INT);
INSERT INTO visit_occurrence VALUES(88179,1780,9201,'2008-04-09',NULL,'2008-04-13',NULL,44818517,5247,3617,'196291177015950',NULL);
INSERT INTO visit_occurrence VALUES(88214,1780,0,'2008-11-22',NULL,'2008-11-22',NULL,44818517,12674,8192,'887173388289786',NULL);
INSERT INTO visit_occurrence VALUES(88246,1780,0,'2008-04-10',NULL,'2008-04-10',NULL,44818517,61112,33580,'887603388972081',NULL);
INSERT INTO visit_occurrence VALUES(88263,1780,0,'2009-05-22',NULL,'2009-05-22',NULL,44818517,61118,33583,'887783385045412',NULL);
INSERT INTO visit_occurrence VALUES(1454883,30091,9201,'2009-07-30',NULL,'2009-08-07',NULL,44818517,5705,3903,'196281176996667',NULL);
INSERT INTO visit_occurrence VALUES(1454884,30091,9202,'2009-08-02',NULL,'2009-08-03',NULL,44818517,2185,1422,'542382281564140',NULL);
INSERT INTO visit_occurrence VALUES(1454922,30091,0,'2008-11-12',NULL,'2008-11-12',NULL,44818517,36303,34511,'887653385597344',NULL);
INSERT INTO visit_occurrence VALUES(1813776,37455,0,'2008-10-30',NULL,'2008-10-30',NULL,44818517,16,13,'887303387403537',NULL);
INSERT INTO visit_occurrence VALUES(1813788,37455,0,'2010-08-12',NULL,'2010-08-12',NULL,44818517,272592,117750,'887403387342227',NULL);
INSERT INTO visit_occurrence VALUES(1813856,37455,0,'2008-03-18',NULL,'2008-03-18',NULL,44818517,279614,8292,'887973386143218',NULL);
INSERT INTO visit_occurrence VALUES(2046364,42383,0,'2010-04-15',NULL,'2010-04-15',NULL,44818517,1883,1224,'887513385863530',NULL);
INSERT INTO visit_occurrence VALUES(2046380,42383,0,'2009-06-29',NULL,'2009-06-29',NULL,44818517,689,40,'887663385765962',NULL);
INSERT INTO visit_occurrence VALUES(3359790,69985,9201,'2010-07-22',NULL,'2010-07-30',NULL,44818517,83104,43378,'196721177014598',NULL);
INSERT INTO visit_occurrence VALUES(3359810,69985,9202,'2010-05-06',NULL,'2010-05-07',NULL,44818517,329631,137825,'542432281351241',NULL);
INSERT INTO visit_occurrence VALUES(3359817,69985,9202,'2009-01-09',NULL,'2009-01-09',NULL,44818517,21645,13448,'542632281596186',NULL);
INSERT INTO visit_occurrence VALUES(3359838,69985,0,'2010-04-17',NULL,'2010-04-17',NULL,44818517,21673,13456,'887083389211562',NULL);
INSERT INTO visit_occurrence VALUES(3461442,72120,0,'2008-12-15',NULL,'2008-12-15',NULL,44818517,339214,33787,'887973385532219',NULL);
INSERT INTO visit_occurrence VALUES(3952172,82328,0,'2009-01-25',NULL,'2009-01-25',NULL,44818517,5516,3783,'887263388757452',NULL);
INSERT INTO visit_occurrence VALUES(3952218,82328,0,'2008-10-20',NULL,'2008-10-20',NULL,44818517,197101,103488,'887853385750027',NULL);
INSERT INTO visit_occurrence VALUES(4586628,95538,9201,'2009-03-30',NULL,'2009-04-03',NULL,44818517,95836,23997,'196421176984336',NULL);
INSERT INTO visit_occurrence VALUES(4586653,95538,0,'2009-09-02',NULL,'2009-09-02',NULL,44818517,435002,1640,'887503389372256',NULL);
INSERT INTO visit_occurrence VALUES(5162803,107680,9201,'2009-07-20',NULL,'2009-07-30',NULL,44818517,60753,3852,'196821177024627',NULL);
INSERT INTO visit_occurrence VALUES(5162964,107680,0,'2009-06-07',NULL,'2009-06-07',NULL,44818517,99551,50533,'887853389454425',NULL);
INSERT INTO visit_occurrence VALUES(5314664,110862,9201,'2009-09-30',NULL,'2009-10-01',NULL,44818517,31857,13897,'196711177008260',NULL);
INSERT INTO visit_occurrence VALUES(5314671,110862,9202,'2008-09-07',NULL,'2008-09-16',NULL,44818517,5159,3547,'542542280986566',NULL);
INSERT INTO visit_occurrence VALUES(5314690,110862,0,'2009-06-30',NULL,'2009-06-30',NULL,44818517,31906,18956,'887353385562503',NULL);
INSERT INTO visit_occurrence VALUES(5314696,110862,0,'2010-06-07',NULL,'2010-06-07',NULL,44818517,192777,9812,'887423388391758',NULL);
CREATE TABLE IF NOT EXISTS "vocabulary" ("vocabulary_id" TEXT,"vocabulary_name" TEXT,"vocabulary_reference" TEXT,"vocabulary_version" TEXT,"vocabulary_concept_id" INT);
INSERT INTO vocabulary VALUES('CMS Place of Service','Place of Service Codes for Professional Claims (CMS)','http://www.cms.gov/Medicare/Medicare-Fee-for-Service-Payment/PhysicianFeeSched/downloads//Website_POS_database.pdf','2009-01-11',44819110);
INSERT INTO vocabulary VALUES('Cohort','Legacy OMOP HOI or DOI cohort','OMOP generated',NULL,44819123);
INSERT INTO vocabulary VALUES('Concept Class','OMOP Concept Class','OMOP generated',NULL,44819233);
INSERT INTO vocabulary VALUES('Condition Type','OMOP Condition Occurrence Type','OMOP generated',NULL,44819127);
INSERT INTO vocabulary VALUES('Domain','OMOP Domain','OMOP generated',NULL,44819147);
INSERT INTO vocabulary VALUES('Drug Type','OMOP Drug Exposure Type','OMOP generated',NULL,44819126);
INSERT INTO vocabulary VALUES('Ethnicity','OMOP Ethnicity','OMOP generated',NULL,44819134);
INSERT INTO vocabulary VALUES('Gender','OMOP Gender','OMOP generated',NULL,44819108);
INSERT INTO vocabulary VALUES('ICD9CM','International Classification of Diseases, Ninth Revision, Clinical Modification, Volume 1 and 2 (NCHS)','http://www.cms.gov/Medicare/Coding/ICD9ProviderDiagnosticCodes/codes.html','ICD9CM v32 master descriptions',5046);
INSERT INTO vocabulary VALUES('NDC','National Drug Code (FDA and manufacturers)','http://www.nlm.nih.gov/research/umls/rxnorm/docs/rxnormfiles.html, http://www.fda.gov/downloads/Drugs/DevelopmentApprovalProcess/UCM070838.zip','NDC 20190519',44819105);
INSERT INTO vocabulary VALUES('None','OMOP Standardized Vocabularies','OMOP generated','v5.0 21-MAY-19',44819096);
INSERT INTO vocabulary VALUES('Obs Period Type','OMOP Observation Period Type','OMOP generated',NULL,44819149);
INSERT INTO vocabulary VALUES('Race','Race and Ethnicity Code Set (USBC)','http://www.cdc.gov/nchs/data/dvs/Race_Ethnicity_CodeSet.pdf','Version 1.0',44819109);
INSERT INTO vocabulary VALUES('Relationship','OMOP Relationship','OMOP generated',NULL,44819235);
INSERT INTO vocabulary VALUES('RxNorm','RxNorm (NLM)','http://www.nlm.nih.gov/research/umls/rxnorm/docs/rxnormfiles.html','RxNorm 20190506',44819104);
INSERT INTO vocabulary VALUES('SNOMED','Systematic Nomenclature of Medicine - Clinical Terms (IHTSDO)','http://www.nlm.nih.gov/research/umls/licensedcontent/umlsknowledgesources.html','Snomed Release 20190131',44819097);
INSERT INTO vocabulary VALUES('Visit','OMOP Visit','OMOP generated',NULL,44819119);
INSERT INTO vocabulary VALUES('Visit Type','OMOP Visit Type','OMOP generated',NULL,44819150);
INSERT INTO vocabulary VALUES('Vocabulary','OMOP Vocabulary','OMOP generated',NULL,44819232);
COMMIT;
